ident,npd,total_qty,iso_count,rows
C12GGPSR,3/4,4.0,4,4
C145308,2,103.3,8,8
C15RCMLV,1,1.0,1,1
C1DMWEC,1,4.0,3,3
C1DMWEF,2,5.0,4,4
C1DMWEJ,3/4,2.0,2,2
C1DMWEK,1,101.0,37,37
C1DMWEN,2,50.0,18,18
C1DR2JM,1,40.0,27,27
C1DR2JR,2,23.0,15,17
C1DR2JV,1,20.0,20,20
C1DR2JY,2,12.0,10,12
C1JW6P1S,2,2.0,2,2
C1NJUHLW,1/2,5.0,5,5
C1NJUHLY,1,4.0,3,4
C2KV10B,1/2,1.0,1,1
C2KV10X,3/4,4.0,4,4
C2KV11G,1,7.0,6,6
C41B2D94,1,14.0,14,14
C56BEZYW,2,2.0,1,1
C56FCLX2,2,15.0,9,9
C58PVZ7V,2,1.0,1,1
C5FX5BU,1/2,8.0,4,4
C5PKSACZ,2,3.0,3,3
C5PKSAD1,2,37.0,11,11
C66PJZHA,2,2.0,2,2
C6S4K87C,4,3.0,2,3
C6S4K87E,6,4.0,4,4
C6S4K87F,1,152.0,67,72
C6S4K87J,2,51.0,16,16
C6S4K87L,3,57.0,18,18
C6S4K87N,4,15.0,8,8
C6S4K87R,6,26.0,16,17
C6S4K87S,1/2,4.0,1,1
C6S4K87T,1/2,112.0,12,12
C6S4K87U,1/2,1684.0,187,195
C6S4K87V,1/2,452.0,60,61
C6S4K87Y,1/2,12.0,3,3
C6S4K884,1/2,8.0,2,2
C6S4K88N,5/8,168.0,28,28
C6S4K88P,5/8,92.0,11,11
C6S4K88R,5/8,496.0,60,62
C6S4K88S,5/8,496.0,54,54
C6S4K88T,5/8,96.0,8,8
C6S4K88Z,5/8,8.0,2,2
C6S4K890,5/8,24.0,4,4
C6S4K891,5/8,64.0,16,16
C6S4K894,5/8,20.0,5,5
C6S4K8B9,3/4,60.0,10,10
C6S4K8BB,3/4,56.0,6,7
C6S4K8BC,3/4,392.0,33,34
C6S4K8BD,3/4,488.0,41,44
C6S4K8BE,3/4,448.0,33,36
C6S4K8BF,3/4,620.0,34,36
C6S4K8BG,3/4,8.0,1,1
C6S4K8BJ,3/4,4.0,1,1
C6S4K8BM,3/4,16.0,2,2
C6S4K8BR,3/4,72.0,9,9
C6S4K8C8,7/8,12.0,1,1
C6S4K8CS,7/8,24.0,2,2
C6S4K8CT,7/8,60.0,4,4
C6S4K8CU,7/8,180.0,11,11
C6S4K8CV,7/8,24.0,2,2
C6S4K8CX,7/8,72.0,4,4
C6S4K8D6,7/8,12.0,1,1
C6S4K8EA,1,68.0,5,5
C6S4K8EN,1,12.0,1,1
C6SBR422,1/2,3.0,5,5
C6SBR43V,1,264.2,26,26
C6SBWZET,10,14.0,8,8
C6SBWZEU,12,2.0,2,2
C6SBWZEW,16,1.0,1,1
C6SBWZEZ,20,1.0,1,1
C6SBWZF1,24,1.0,1,1
C6SBWZF4,8,87.0,44,49
C6SDEV3P,8,2.0,2,2
C6SDEV8M,2,32.0,1,1
C6SDVYKS,10,1.0,1,1
C6SDVYKW,4,2.0,2,2
C6SDVYKY,8,7.0,6,7
C6SDVYKZ,2,14.0,11,11
C6SDVYL1,3,8.0,8,8
C6SEUHBR,1/2,3.0,3,3
C6SWL10L,8,3.0,3,3
C6SWL10P,2,3.0,3,3
C6TYYMRF,1/2,3.0,3,3
C766B01H,2,2.0,2,2
C76KFFSD,3/4,78.5,8,8
C76KFFTD,1,1074.3,60,61
C76KFFWK,2,364.7,16,16
C76KHSRG,8,5.0,5,5
C76KHSRH,1,14.0,7,7
C76KHSRP,3/4,2.0,2,2
C76KHSRR,1,91.0,77,79
C76KHSRZ,1,52.0,24,24
C76KHSS3,2,14.0,8,8
C76KHSS5,3,20.0,8,8
C76KHSS7,4,16.0,10,10
C76KHSS9,6,7.0,3,3
C76KHVWS,1/2,21.0,16,16
C76KHVWU,1,4.0,3,4
C76KHVWW,2,6.0,6,6
C76KHZKZ,2,2.0,2,2
C76KJLEL,6,2.0,2,2
C76KJLFC,4,2.0,2,2
C76KJLFJ,14,1.0,1,1
C76KJLFK,16,1.0,1,1
C76N9VBG,1,21.0,7,7
C76RJXHR,3,3.0,3,3
C76RJXHV,1,24.0,24,24
C76RJXHX,2,5.0,5,5
C76RJXJ1,4,4.0,4,4
C76S9AH4,2,2.0,2,2
C76SD23G,1,0.7,1,1
C76SD26N,2,177.8,5,5
C76SDEMB,2,4.0,2,2
C76SDEMT,1,1.0,1,1
C76SDEMW,2,1.0,1,1
C76SDEP8,2,16.0,5,5
C76SNTEV,1/2,15.0,7,7
C76SNTEW,3/4,12.0,3,3
C76SNTF1,1/2,2.0,2,2
C76SPAB8,3,2.0,2,2
C76SPABB,6,2.0,2,2
C76SPABT,1/2,6.0,5,5
C76SPABU,3/4,6.0,6,6
C76SPABV,1,30.0,24,24
C7BP51NV,1,20.0,18,18
C7BP51NY,2,5.0,5,5
C7BP51NZ,1,7.0,7,7
C7BP5GGV,3/4,24.0,8,8
C7BP5GGW,1,181.0,51,51
C7BP5GGZ,2,36.0,14,14
C7BP5GZC,1,15.0,8,8
C7BP5GZF,2,4.0,3,3
C7BP7ZE8,8,1.0,1,1
C7CT0BXY,8,3.0,3,3
C7CT0CGV,5/8,24.0,3,3
C7CT0CKJ,3/4,24.0,3,3
C7CT1ZFG,3/4,22.0,15,15
C7CT1ZFH,1,179.0,67,69
C7CT1ZFL,10,4.0,3,3
C7CT1ZFN,14,2.0,2,2
C7CT1ZFS,2,43.0,18,18
C7CT1ZFW,24,4.0,2,2
C7CT1ZFX,3,8.0,4,4
C7CT1ZFZ,4,14.0,7,7
C7CT1ZG1,6,32.0,15,15
C7CT1ZG2,8,34.0,17,19
C7CTALFX,2,2.0,2,2
C7CX7CSL,2,6.0,4,4
C7CX7CSN,3,2.0,2,2
C7CX7CSR,4,16.0,8,8
C7CX7CST,6,40.0,20,20
C7CX7CSU,8,5.0,3,3
C7CXA8BE,1,6.0,6,6
C7J6DK21,1,2.0,2,2
C7J6DK24,2,1.0,1,1
C7J7XW2J,2,7.0,7,7
C7J7XW33,24,3.0,3,3
C7S24AAU,1/2,1.0,1,1
C7SM1YGM,1,4.0,2,2
C7SM1YGR,2,15.0,10,12
C7SM1YGT,3,6.0,4,4
C7SMNYW4,10,2.0,2,2
C7SMNYW5,12,2.0,2,2
C7SMNYWH,8,2.0,2,2
C7SN7J06,36,3.0,2,2
C7SNM2BD,2,2.0,2,2
C7T63YAU,1,40.0,35,40
C7T63YAX,2,8.0,8,8
C7TCS1ZV,3/4,3.0,3,3
C7V61SDZ,10,1.0,1,1
C7V61SE4,2,6.0,3,3
C7V61SEE,8,9.0,3,3
C7W2U477,3/4,2.0,2,2
C7W2U478,1,34.0,32,34
C7W2U47F,2,3.0,3,3
C7W2U47H,3,1.0,1,1
C7W2U47N,8,2.0,2,2
C7W2U48K,3/4,15.0,5,5
C7W2U48L,1,146.0,58,60
C7W2U48P,2,15.0,7,7
C7W2U48S,3/4,13.0,13,13
C7W3AL3K,3/4,13.0,13,13
C7W3AL3L,1,26.0,11,11
C7WHDV5R,36,2.0,2,2
C80R6Y1H,1,11.0,11,11
C80R6Y1R,2,2.0,2,2
C80T8DJ0,1,2.0,1,1
C80U8UAY,1/2,5.0,5,5
C80U8UAZ,3/4,2.0,2,2
C84KV7CX,2,4.0,4,4
C84KV7D0,4,4.0,4,4
C84KV7D1,6,1.0,1,1
C84MWBGZ,24,1.0,1,1
C84MWBH0,6,2.0,2,2
C8ADWXKM,2,4.0,4,4
C8ELT53D,1,1.0,1,1
C8GWJY7T,2,683.7,19,21
C8P7NJJW,10,1.0,1,1
C8P7NJJY,4,1.0,1,1
C8P7NJJZ,6,2.0,2,2
C8P7NJK0,8,13.0,11,13
C8PLE444,8,6.0,6,6
C8RR9V35,1/2,2.0,2,2
C8RR9V36,3/4,5.0,3,3
C8RR9V37,1,22.0,18,22
C8RR9V39,2,13.0,9,9
C8RR9V3B,3,13.0,13,13
C8YJYLYU,8,2.0,2,2
C926162,1,3.0,2,3
C99ZZ9D0,1/2,2.0,2,2
C99ZZ9D2,1,21.0,20,21
C99ZZ9D4,2,3.0,3,3
C99ZZ9D7,10,2.0,2,2
C99ZZ9D9,4,1.0,1,1
C99ZZ9DA,6,3.0,3,3
C99ZZ9DB,8,5.0,5,5
C99ZZ9DE,1,9.0,9,9
C99ZZ9DH,2,1.0,1,1
C99ZZ9E8,6,2.0,2,2
C99ZZ9EE,1,1.0,1,1
C99ZZ9EG,4,2.0,2,2
C99ZZ9EJ,6,11.0,10,10
C99ZZ9EK,8,2.0,2,2
C9CT3XUN,36,4.0,3,3
C9P77RM8,1,1.0,1,1
C9PNU7C2,3/4,16.0,2,2
C9PNU7E1,3/4,32.0,3,3
C9PNU7FL,7/8,12.0,1,1
C9T8B34P,3/4,2.0,2,2
C9YR0U5Z,2,1.0,1,1
C9YZMJSH,36,2.0,1,1
C9ZLHEWH,3/4,2.0,2,2
CBBPLK2,1/2,9.0,8,8
CBBPLK3,3/4,8.0,8,8
CBBPLK4,1,31.0,31,31
CEZCLUC,1,1.7,4,4
CEZCLWH,2,188.79999999999998,14,14
CEZMKL0,1,41.0,32,33
CF5AB9Z,2,2.0,2,2
CFG6WM5T,3/4,2.0,2,2
CFG6WM5U,1,2.0,1,1
CFG6WM60,16,1.0,1,1
CFG6WM62,2,2.0,2,2
CFG6WM66,3,2.0,2,2
CFG6WM6X,1/2,1.0,1,1
CFG6WM6Z,1,5.0,5,5
CFG6WM77,2,3.0,3,3
CFG70G7Y,3/4,2.0,2,2
CFG70GLP,3/4,2.0,2,2
CFG8U73X,3/4,4.0,4,4
CFG8U73Y,1,7.0,4,4
CFG8U743,1,1.0,1,1
CGKFEG5T,1/2,3.0,3,3
CGKFEG5U,3/4,3.0,3,3
CGKFEG5V,1,3.0,2,2
CGKFEG62,18,2.0,2,2
CGKFEG63,2,19.0,10,10
CGKFEG67,24,13.0,6,6
CGKFEG6E,6,3.0,3,3
CPPD3S11,1/2,6.2,4,4
CPPD3S1M,3/4,3.4000000000000004,2,2
CPPD3S28,1,458.9,17,17
CZ2LEZD,3/4,2.0,2,2
CZ2LEZE,1,33.0,26,26
CZ2LEZH,2,16.0,13,13
PS-NM102,8,1.0,1,1
PS-NM104,8,3.0,3,3
PS-NM107,8,1.0,1,1
PS-NM110,10,1.0,1,1
PS-NM122,10,1.0,1,1
PS-NM130,10,1.0,1,1
PS101,2,6.0,2,2
PS105,1,32.0,13,13
PS105,2,10.0,2,2
PS107,8,4.0,2,3
PS108,2,2.0,1,2
PS201,1,193.0,78,79
PS201,12,2.0,2,2
PS201,2,111.0,41,43
PS201,3/4,11.0,5,5
PS201,4,5.0,4,4
PS201,6,2.0,2,2
PS201,8,12.0,6,6
PS202,2,1.0,1,1
PS203,12,5.0,5,5
PS203,20,1.0,1,1
PS203,24,1.0,1,1
PS203,4,2.0,2,2
PS203,6,2.0,2,2
PS203,8,2.0,2,2
PS204,1,26.0,17,17
PS204,10,6.0,4,4
PS204,14,4.0,2,2
PS204,2,37.0,16,16
PS204,20,1.0,1,1
PS204,24,4.0,3,3
PS204,3,21.0,9,9
PS204,36,7.0,4,4
PS204,4,15.0,12,12
PS204,6,27.0,13,13
PS204,8,62.0,43,46
PS205,1,12.0,8,9
PS205,10,4.0,2,2
PS205,12,2.0,2,2
PS205,16,10.0,4,4
PS205,2,5.0,4,4
PS205,20,2.0,1,1
PS205,24,2.0,1,1
PS205,3,1.0,1,1
PS205,4,2.0,2,2
PS205,6,1.0,1,1
PS206,1,2.0,2,2
PS206,10,2.0,2,2
PS206,14,1.0,1,1
PS206,2,5.0,5,5
PS206,24,2.0,2,2
PS206,3,3.0,3,3
PS206,4,5.0,5,5
PS206,6,10.0,10,10
PS206,8,30.0,27,29
PS207,36,2.0,2,2
PS209,10,2.0,2,2
PS209,14,1.0,1,1
PS209,24,1.0,1,1
PS209,4,14.0,14,14
PS209,6,22.0,21,22
PS209,8,14.0,12,13
PS210,1,53.0,42,42
PS210,2,11.0,9,9
PS210,3,1.0,1,1
PS210,4,2.0,2,2
PS211,1,8.0,8,8
PS212,1,31.0,27,27
PS212,1/2,6.0,2,2
PS212,2,3.0,3,3
PS212,8,1.0,1,1
PS213,1,12.0,12,12
PS213,2,2.0,2,2
PS214,10,2.0,2,2
PS214,14,1.0,1,1
PS214,4,17.0,14,14
PS214,6,27.0,24,24
PS214,8,10.0,8,8
PS218,4,2.0,2,2
PS218,6,2.0,2,2
PS218,8,2.0,2,2
PS219,10,5.0,5,5
PS219,6,5.0,5,5
PS219,8,5.0,5,5
PS221,1,37.0,33,33
PS221,2,5.0,5,5
PS401,1,5.0,4,4
PS401,10,2.0,2,2
PS401,2,1.0,1,1
PS401,3,1.0,1,1
PS401,4,1.0,1,1
PS401,6,6.0,6,6
PS401,8,7.0,5,6
PS402,14,1.0,1,1
PS402,2,3.0,2,2
PS404,4,2.0,2,2
PS405,8,1.0,0,1
PS406,1,1.0,1,1
PS406,10,3.0,2,2
PS406,14,2.0,2,2
PS406,2,10.0,3,8
PS406,3,2.0,1,2
PS406,4,5.0,5,5
PS406,6,4.0,3,4
PS406,8,25.0,17,25
PS407,1,3.0,3,3
PS407,10,2.0,2,2
PS407,4,3.0,3,3
PS407,6,8.0,8,8
PS407,8,28.0,22,28
PS410,1,1.0,1,1
PS410,8,4.0,1,2
PS412,10,1.0,1,1
PS412,16,1.0,1,1
PS412,2,1.0,1,1
PS412,3,3.0,3,3
PS412,4,3.0,2,2
PS412,6,1.0,1,1
PS412,8,6.0,5,6
PS413,1,2.0,2,2
PS413,10,4.0,3,3
PS413,12,1.0,1,1
PS413,14,1.0,1,1
PS413,16,4.0,3,3
PS413,2,4.0,4,4
PS413,24,2.0,1,1
PS413,3,1.0,1,1
PS413,4,2.0,2,2
PS413,6,4.0,4,4
PS413,8,12.0,7,7
PS418,2,1.0,1,1
PS418,4,1.0,1,1
PS426,12,1.0,1,1
PS429,8,1.0,1,1
PS430,1,4.0,3,4
PS430,10,1.0,1,1
PS430,14,1.0,1,1
PS430,2,6.0,2,4
PS430,3,2.0,2,2
PS430,4,2.0,2,2
PS430,8,11.0,8,9
PS431,12,1.0,1,1
PS431,4,1.0,1,1
PS432,16,1.0,1,1
PS432,24,2.0,1,1
PS432,8,1.0,1,1
PS433,1,229.0,87,87
PS433,12,4.0,4,4
PS433,16,4.0,2,2
PS433,2,138.0,44,46
PS433,3/4,11.0,5,5
PS433,4,9.0,5,5
PS433,6,5.0,4,4
PS433,8,23.0,10,10
PS434,1,6.0,3,4
PS434,2,21.0,10,18
PS434,3,8.0,5,7
PS434,4,12.0,8,11
PS434,6,5.0,4,5
PS434,8,12.0,9,12
PS435,10,1.0,1,1
PS604,1,2.0,2,2
PS604,2,1.0,1,1
PS608,2,2.0,2,2
PS610,8,1.0,1,1
PS623,8,3.0,3,3
PS703,1,1.0,1,1
PS706,1,1.0,1,1
PS709,1,74.0,47,57
PS709,2,13.0,11,11
PS709,3/4,11.0,5,7
PS711,1,11.0,5,5
PS712,1,51.0,29,39
PS712,2,13.0,11,12
PS713,1,23.0,19,22
PS713,2,7.0,7,7
PS715,1,2.0,2,2
PS715,2,2.0,2,2
PS717,1,4.0,4,4
PS718,1,23.0,16,19
PS719,1,72.0,39,49
PS719,2,48.0,18,36
PS720,1,1.0,1,1
PS720,2,1.0,1,1
PS721,1,2.0,2,2
PS721,2,1.0,1,1
PS723,1,3.0,3,3
PS726,1,2.0,1,1
PS731,1,5.0,4,4
PS732,1,14.0,14,14
PS902,12,2.0,2,2
PS902,14,1.0,1,1
PS902,16,1.0,1,1
PS902,2,1.0,1,1
PS902,24,1.0,1,1
PS902,4,2.0,2,2
PS902,8,6.0,5,6
PS903,4,1.0,1,1
PS904,14,2.0,1,2
PS907,24,1.0,1,1
PS915,8,1.0,1,1
PS921,20,1.0,1,1
PS921,24,1.0,1,1
